rsid,chrpos,iHS,logP,P,bh_P,bonf_P,A1,A2,MAF
rs10215171,7:57449141,-5.61473849689726,7.70584310898678,1.96859732671298e-08,0.00233071799267994,0.0163150259487596,T,G,0.06617
rs10220319,14:81128482,-4.90409945976354,6.02753366962773,9.38569269220046e-07,0.0154137315948921,0.777852421835883,C,A,0.4068
rs1054025,6:33035771,-4.87526332389209,5.96391668183108,1.08663407129684e-06,0.016677096286375,0.900563199464251,C,T,0.1305
rs10896290,11:56128081,-4.52438971906079,5.21774224505504,6.05700252829193e-06,0.0429044926782678,1,G,A,0.2679
rs10947368,6:32975341,-6.41780969927392,9.85933826179283,1.38248917110808e-10,5.72878627702108e-05,0.000114575725540422,T,C,0.1076
rs11133432,4:53105994,4.90202837654536,6.02295290956835,9.48521305630432e-07,0.0154137315948921,0.786100311339499,C,T,0.3388
rs1126544,6:33037061,-5.13267028260944,6.54415044439217,2.8566008139716e-07,0.00845517113210842,0.236744791699036,C,G,0.1281
rs113660949,11:48200771,-5.04013612565392,6.33235951524226,4.65200834116477e-07,0.0101030571925012,0.385541704085708,T,C,0.05825
rs114040366,16:48744460,-4.50777893967812,5.18369388147451,6.55097766169726e-06,0.0441558387452733,1,C,T,0.05172
rs114434775,6:32205174,-5.07540448786009,6.41265665518999,3.86672552081495e-07,0.00985798244924582,0.320460290953268,G,T,0.1016
rs114513491,1:120346965,-5.07133038245614,6.40335423471853,3.95044268559186e-07,0.00985798244924582,0.327398468188185,A,G,0.05918
rs114519170,11:56652607,-5.44709366611241,7.29073423948181,5.1199504800544e-08,0.00264781889784187,0.0424323063965181,C,T,0.1086
rs115090725,7:57442864,-4.83963008282298,5.88578605050689,1.30081024735695e-06,0.0185873224800092,1,C,A,0.0713
rs115261305,6:32793668,-5.38447782079318,7.13873292856167,7.2655261703921e-08,0.00301070326553942,0.0602140653107884,A,C,0.1319
rs115374365,2:62697571,-4.6918710105883,5.56748319063866,2.70717798317642e-06,0.026709662548205,1,A,C,0.07922
rs115530337,6:32192511,-5.95518515410104,8.58539837378771,2.59777555756147e-09,0.000538235715546718,0.00215294286218687,T,G,0.07829
rs116372452,12:38713248,-5.09278982820347,6.45243110250071,3.52832756398497e-07,0.00943274472657561,0.292415086523844,T,C,0.05033
rs116480398,11:56420484,-5.3494461828959,7.05441428740381,8.82237903910353e-08,0.00332348642816527,0.073116701419636,C,T,0.05965
rs116573934,11:56452440,-4.76239437476551,5.71826382938117,1.91309338760501e-06,0.0223698799458642,1,G,A,0.08854
rs11962004,6:29528616,-4.75825065277905,5.70934685816298,1.95277920577692e-06,0.0224776820235626,1,G,C,0.1426
rs12089891,1:173377138,-4.51104708630793,5.19038374417358,6.45083978599513e-06,0.0441558387452733,1,C,T,0.0876
rs12655280,5:49855699,-5.44343913483462,7.28181733063668,5.22615961192041e-08,0.00264781889784187,0.0433125294461361,T,C,0.1589
rs1426713,6:32198049,-4.77276979770759,5.74062249582572,1.81709445948306e-06,0.0218252532263627,1,T,C,0.08854
rs1611697,6:29827385,-5.25059640361917,6.8192792177204,1.51607533502115e-07,0.00502587463581388,0.125646865895347,C,A,0.07083
rs16869875,6:32192217,-6.34091736295158,9.64130193433178,2.28401033991907e-10,6.30968515117563e-05,0.000189290554535269,T,C,0.1025
rs16884728,5:50028103,-5.00849916837912,6.26077497240719,5.48561125599811e-07,0.0110884807974781,0.454627712696602,A,G,0.1566
rs16970394,19:28552750,-5.15585631774409,6.59778257761901,2.52474442786378e-07,0.00774969367042259,0.20924172910141,T,C,0.07083
rs17190762,6:31126992,-4.527875354574,5.22490163895498,5.9579706715508e-06,0.0429044926782678,1,A,G,0.06291
rs17201826,6:32195021,-5.37026427751992,7.10445956066026,7.86213396016607e-08,0.00310278742350622,0.0651585358936307,A,G,0.06058
rs17609346,4:48336371,-4.59713610550373,5.36821357061722,4.28337827250172e-06,0.0348030363787413,1,C,T,0.1678
rs1818521,4:119322004,4.72932230478125,5.64729563624323,2.25270521146636e-06,0.0241931498826331,1,C,T,0.5126
rs1871870,4:53108038,4.90202837654536,6.02295290956835,9.48521305630432e-07,0.0154137315948921,0.786100311339499,T,C,0.3388
rs2034598,16:47001626,-4.53188971210591,5.23315329904134,5.84583698977815e-06,0.0424984144473377,1,A,G,0.08388
rs2116260,6:33025440,-4.71947513863495,5.62625344296104,2.36453941109083e-06,0.0241931498826331,1,C,T,0.1305
rs2116261,6:33025450,-4.83216981989165,5.8694958390771,1.3505297670554e-06,0.0189706856248118,1,A,G,0.1272
rs2116262,6:33025469,-4.72156306566758,5.63071169676334,2.34039037423042e-06,0.0241931498826331,1,G,A,0.1305
rs2233954,6:31105672,-4.80247956169694,5.80489547589463,1.56712819431594e-06,0.0206871511429506,1,A,G,0.08854
rs2267644,6:32192560,-5.50713298657605,7.43803477634126,3.64724740245797e-08,0.00243786174043437,0.0302270734625068,A,G,0.08807
rs2267645,6:32193028,-5.41671755387246,7.21678899943567,6.07031182085558e-08,0.00264781889784187,0.0503085590589955,C,T,0.08807
rs2298069,1:120354019,-5.41764044567092,7.21902988099367,6.03907077007876e-08,0.00264781889784187,0.0500496444769355,T,C,0.1864
rs2394985,6:31323557,-4.74748809562889,5.68622026268862,2.05958508119092e-06,0.0233823283592892,1,T,C,0.0671
rs2487580,1:120420048,-5.30228654168495,6.94172148614784,1.14361149983846e-07,0.0041208001784875,0.0947784041052125,T,C,0.1062
rs2523971,6:29938258,-4.72515134863174,5.63837785501828,2.29944033411521e-06,0.0241931498826331,1,A,C,0.05266
rs28452055,4:48300422,-4.78662979749437,5.77056066817522,1.69605265794823e-06,0.0214900124627086,1,A,C,0.1272
rs28754657,16:15883372,-4.52582073787583,5.22068090215151,6.01615612170141e-06,0.0429044926782678,1,T,C,0.1761
rs3013106,1:13802437,4.99484295885501,6.23000518209981,5.88836629182067e-07,0.0116192047654154,0.488006600147447,A,G,0.4455
rs34304311,6:28093263,-4.65722225213427,5.49416602079184,3.20504387573093e-06,0.0298452245238906,1,A,G,0.07549
rs3800326,6:28264717,-5.11060154813683,6.4933128444496,3.21134640875958e-07,0.00887149431703076,0.266144829510923,T,C,0.1039
rs4084262,6:31218889,-4.64438939919205,5.46713902274577,3.4108370925769e-06,0.030265721790039,1,T,C,0.15
rs4103691,12:38708001,-4.46809124305836,5.10280937809156,7.89206442597409e-06,0.0491778863302857,1,C,T,0.1319
rs4647744,11:47254602,-4.47288678226137,5.11254788948871,7.71706415117781e-06,0.0488215645357765,1,A,G,0.1752
rs4870653,7:57435577,-4.54162500611153,5.25319250712077,5.5822269984643e-06,0.0409411396119935,1,T,C,0.1426
rs5010528,6:31241032,-5.12594168733865,6.52862872345985,2.96054234029979e-07,0.00846065831764211,0.245359091211621,G,A,0.1929
rs56010624,6:25414419,-4.93260980490757,6.09077495553797,8.1138139381401e-07,0.0152828111241562,0.672443689462874,T,C,0.0685
rs56824628,16:46954390,-5.83903657181903,8.27981137433,5.25035447625886e-09,0.00087026095543244,0.0043513047771622,A,G,0.157
rs57002565,2:124281700,-4.80178545003295,5.80338964092357,1.57257134963136e-06,0.0206871511429506,1,T,C,0.1612
rs58031868,6:29943056,-4.90747234505505,6.03499756931479,9.22576590671898e-07,0.0154137315948921,0.764598265591605,T,C,0.1561
rs58560300,1:120450346,-4.84550678549704,5.89863483588414,1.26288895241645e-06,0.0183620508729906,1,G,T,0.1128
rs58567530,16:48172185,-4.48855988995307,5.14444289123832,7.17062661531582e-06,0.0464277905954344,1,A,C,0.06943
rs58655051,6:121825480,-4.50365245253144,5.1752533740253,6.67954109253564e-06,0.0446432515646307,1,A,G,0.1244
rs60224369,8:8156800,-4.7794095719994,5.75495463908195,1.7581072340525e-06,0.021747104234661,1,A,C,0.1132
rs60652299,8:42488311,-5.48681259235515,7.38801035061271,4.09250905868787e-08,0.00243786174043437,0.0339172417751439,G,A,0.05359
rs6115256,20:25666642,-4.60047057718453,5.37516372052787,4.21537562053045e-06,0.0347633860828056,1,T,C,0.1771
rs6120159,20:29999389,-4.78482157856656,5.766650274955,1.71139289657703e-06,0.0214900124627086,1,A,G,0.1072
rs61649224,11:48057640,-4.57899976079489,5.33049276654256,4.67204732706178e-06,0.0368764250568098,1,A,G,0.2614
rs61729683,6:32185818,-4.52195696908461,5.21274845359025,6.12705172101972e-06,0.0430328804450778,1,T,C,0.06337
rs61737338,6:28227217,-4.92177581278606,6.0667029433924,8.57624258031984e-07,0.0154137315948921,0.710768110583619,T,C,0.08388
rs6457116,6:29938025,-4.64402111238577,5.46636439858922,3.41692622013371e-06,0.030265721790039,1,A,G,0.09226
rs6582601,12:38716034,-4.8494617093415,5.90729000886801,1.23796963135316e-06,0.0183211547064067,1,T,C,0.1253
rs6902390,6:32997859,-4.7861961801109,5.76962281697452,1.69971921096656e-06,0.0214900124627086,1,C,A,0.1202
rs6911777,6:32409996,-4.60589128913656,5.38647220990888,4.10702919523474e-06,0.0343813933733285,1,C,T,0.2852
rs6931451,6:32379605,-5.80497404308227,8.19127617219779,6.43759762064201e-09,0.000889208192412293,0.00533524915447376,A,C,0.2036
rs7115299,11:48011811,-4.47681765836994,5.12053764842187,7.57639051278363e-06,0.0483003054379739,1,A,G,0.05685
rs7117421,11:56658043,-4.71953175841262,5.62637431647048,2.36388140041175e-06,0.0241931498826331,1,G,T,0.116
rs73000462,1:120347966,-7.23448756862337,12.3304133822449,4.67290140444539e-13,3.87273245955378e-07,3.87273245955378e-07,A,G,0.08295
rs7308308,12:39432785,-5.06493137511069,6.3887574445243,4.08547498292307e-07,0.00985798244924582,0.338589458874725,T,C,0.157
rs73402766,6:29506932,-4.88447517374158,5.98420152862199,1.03704707613949e-06,0.0162163638303711,0.859467283009668,A,G,0.1426
rs73468666,11:56958933,-4.49307515715989,5.15365054737365,7.0201994764386e-06,0.046171202349666,1,A,G,0.1761
rs73532264,6:121790847,-4.70464293487053,5.59463545999176,2.54310645376283e-06,0.0257028667932476,1,C,A,0.1002
rs73630443,8:42497170,-5.57926260589658,7.61701031324656,2.4154034748689e-08,0.00243786174043437,0.0200179944544625,C,T,0.05079
rs73699775,7:57435914,-4.76204367684071,5.71750887578816,1.91642189592738e-06,0.0223698799458642,1,T,C,0.2791
rs73845944,3:89083291,-4.64506919968449,5.46856900815848,3.39962482440155e-06,0.030265721790039,1,A,G,0.09786
rs73906252,20:30013616,-4.61188009574312,5.39898012019412,3.99043168123024e-06,0.0340940837305474,1,A,G,0.05638
rs74332996,19:28494022,-4.56347411296984,5.2983110140593,5.03140162786067e-06,0.0382554544835993,1,A,G,0.1142
rs74373495,11:56104400,-4.69460470327118,5.5732890981545,2.67122765229918e-06,0.0266724977593985,1,T,G,0.06011
rs74748383,15:82388044,-4.59942669971328,5.37298743233518,4.23655225656926e-06,0.0347633860828056,1,T,C,0.05033
rs74774017,6:27379348,-4.82274907069858,5.84895805339053,1.41593053190616e-06,0.0195578708557445,1,C,A,0.09553
rs75108620,11:56291575,-4.49349789937718,5.15451305049191,7.0062712879625e-06,0.046171202349666,1,T,C,0.103
rs75281667,6:28086034,-4.64306420741626,5.46435198863426,3.43279612563247e-06,0.030265721790039,1,T,G,0.07596
rs75301276,11:55944198,-4.49141100499724,5.15025597268128,7.07528644874486e-06,0.046171202349666,1,T,C,0.06058
rs75570650,11:57211860,-4.74081082483448,5.67189652242682,2.12864616939771e-06,0.0238398015396584,1,G,A,0.05405
rs75723786,5:70967498,-4.95575915325663,6.14237554170662,7.20484194998554e-07,0.013886310776367,0.597111363383781,C,T,0.05452
rs75777477,8:42487284,-5.53574859859485,7.50877587057163,3.09901821887353e-08,0.00243786174043437,0.025683547351465,T,C,0.07735
rs75797326,19:28467442,-4.46949479651089,5.10565864228498,7.8404566459474e-06,0.0491778863302857,1,A,C,0.08155
rs75890073,3:89056510,-4.73574625406596,5.6610447163812,2.18250518239736e-06,0.0238866503970092,1,C,T,0.09273
rs75983406,2:201563336,-5.03112092051769,6.31191807502262,4.87620465778009e-07,0.0101030571925012,0.404122287700046,A,G,0.07829
rs76057616,8:8174749,-4.80205355260188,5.8039712499524,1.57046676489873e-06,0.0206871511429506,1,A,G,0.06198
rs76186525,11:56660661,-4.89077112023567,5.99808592509631,1.00441704686045e-06,0.0160081671043125,0.832424689424252,A,G,0.0932
rs76210113,4:47512123,-5.04655912189787,6.34694411358629,4.49837737738901e-07,0.0101030571925012,0.372809322879442,C,A,0.06803
rs76636458,19:28692104,-5.03167330783464,6.31316959804081,4.86217293990568e-07,0.0101030571925012,0.402959389436799,T,C,0.05359
rs76661560,6:27247668,-4.65954175324896,5.49905842384273,3.16914110290396e-06,0.0298452245238906,1,G,T,0.08574
rs76763760,5:114127581,-4.57106941937797,5.31404207351195,4.85241488736976e-06,0.0372688515624972,1,A,G,0.07735
rs77158864,4:99413793,-5.06134092197086,6.3805747928796,4.16318017823655e-07,0.00985798244924582,0.345029385723604,A,G,0.05219
rs7739438,6:30347265,-4.5916918765047,5.35687597239333,4.39667159468336e-06,0.035376729490254,1,A,G,0.05732
rs77472236,14:63736597,-4.58403335165188,5.3409480777813,4.5609144085311e-06,0.0363454006622295,1,C,T,0.07875
rs77677151,6:27205765,-4.67765893463859,5.53734950690266,2.90168652609018e-06,0.0282919215542188,1,G,A,0.1128
rs776818505,17:45318090,4.61562516370503,5.40680949498474,3.91913753946863e-06,0.0338337510808352,1,A,G,0.4459
rs78133850,11:57004659,-4.50770258021984,5.18353762775536,6.55333504552396e-06,0.0441558387452733,1,A,G,0.06897
rs78384488,6:28036693,-4.64441136341879,5.46718522228517,3.41047427258262e-06,0.030265721790039,1,A,G,0.08248
rs78553713,11:56904679,-4.90298986218116,6.0250792709635,9.43888574336657e-07,0.0154137315948921,0.782260870421545,C,A,0.05965
rs78886593,12:33983962,-4.73500719143548,5.65946203226391,2.19047331951279e-06,0.0238866503970092,1,T,C,0.05172
rs7943508,11:57003581,-4.86092170630343,5.93240673908663,1.16840460751799e-06,0.0176060304753644,0.968331676145042,T,C,0.0657
rs79785649,6:27396321,-5.26317387933782,6.84896879259316,1.41589551931097e-07,0.00488934680902597,0.117344323416623,A,G,0.08434
rs79842990,7:57437861,-5.23697321467408,6.78719637168922,1.63231370991764e-07,0.00520308784417763,0.135280283948618,T,G,0.1156
rs80014211,7:57439534,-5.03791436857554,6.32731864190717,4.70631897019191e-07,0.0101030571925012,0.390042773501213,C,T,0.1188
rs80047940,11:56665732,-5.48570706083475,7.38529377053107,4.11818857552707e-08,0.00243786174043437,0.0341300643660812,C,T,0.06477
rs8192564,6:32191822,-5.49426022633105,7.40632458085657,3.92351592007009e-08,0.00243786174043437,0.0325166874798097,A,G,0.06011
rs9263994,6:31192952,-4.57088562015005,5.31366111216123,4.8566732733923e-06,0.0372688515624972,1,C,T,0.08807
rs9275614,6:32684257,-4.77463799093725,5.74465317704755,1.80030804806518e-06,0.0218252532263627,1,G,A,0.206
rs9275618,6:32684387,-4.51589703598458,5.20031976063365,6.30492956667087e-06,0.0439100726671632,1,G,A,0.2069
rs9296011,6:32192941,-5.41671755387246,7.21678899943567,6.07031182085558e-08,0.00264781889784187,0.0503085590589955,G,A,0.08807
rs9296073,6:33042551,-4.55820591936852,5.28741392390411,5.15924409886056e-06,0.0385389862234987,1,T,C,0.1272
rs9296074,6:33042598,-4.57410558410909,5.32033718614323,4.782586282419e-06,0.0372688515624972,1,G,A,0.1267
rs9348785,6:28022215,-4.66413452041048,5.508752349455,3.09918606430085e-06,0.0296825063341385,1,C,T,0.07782
rs9348790,6:28031494,-4.66302565035738,5.50641105607848,3.11593897788761e-06,0.0296825063341385,1,C,G,0.07782
rs9380242,6:31272392,-4.63562479586279,5.44871966726321,3.55860949126123e-06,0.0310447098570066,1,A,G,0.08621
rs9380340,6:33042291,-4.55810612425453,5.28720761280433,5.16169557414217e-06,0.0385389862234987,1,G,A,0.1272
rs9393879,6:28018944,-4.54968866625366,5.26982078430021,5.37253453319728e-06,0.0397550286595599,1,A,G,0.07782
rs9394130,6:33042393,-4.60721008226856,5.38922528531705,4.08107630228466e-06,0.0343813933733285,1,A,G,0.1258
rs9461684,6:31253444,-4.91164641713747,6.04424103501775,9.03148084125617e-07,0.0154137315948921,0.748496618792283,T,C,0.1836
rs9468941,6:31273671,-4.48292945454768,5.13297307465323,7.36252742205213e-06,0.0473007571814698,1,C,T,0.05452
rs9470017,6:35373993,-5.51211001987245,7.45031373724496,3.54557162223949e-08,0.00243786174043437,0.0293844211993369,A,C,0.1081
rs949361,11:56149723,-4.50834540202496,5.18485310463499,6.53351504288352e-06,0.0441558387452733,1,C,T,0.2689
